"replicate","truepopsize","afpopsize","genopopsize","rarefreqcutoff","raregeno_mean","raregeno_sd","rarealleles_mean","rarealleles_sd","findgeno_mean","findgeno_sd","findalleles_mean","findalleles_sd"
1,20000,100,50,0.1,0.03272,0.00510717782205813,0.03272,0.00510717782205813,0.00324618736383442,0.00853029508246134,0.0883877995642701,0.0653604546580166
2,20000,100,50,0.1,0.03476,0.00607289058027559,0.03476,0.00607289058027559,0.00240352811466373,0.00702882026014925,0.0869900771775083,0.0620980044211128
3,20000,100,50,0.1,0.03402,0.00640309236515722,0.03402,0.00640309236515722,0.00296619411123228,0.00835432268006384,0.0917339149400218,0.0642605153854535
4,20000,100,50,0.1,0.03118,0.00465850111656756,0.03118,0.00465850111656756,0.00284153005464481,0.00803520848123411,0.0865136612021858,0.0660645743650399
5,20000,100,50,0.1,0.0334,0.00462027475108464,0.0334,0.00462027475108464,0.00278867102396514,0.00753479765934947,0.0882135076252723,0.0650615860621455
6,20000,100,50,0.1,0.03062,0.0050704828091975,0.03062,0.0050704828091975,0.00299441340782123,0.0082450562821076,0.0928491620111732,0.065959063272764
7,20000,100,50,0.1,0.03446,0.00599050268750291,0.03446,0.00599050268750291,0.00281009879253568,0.00790090738224141,0.0890889132821076,0.0676053821092406
8,20000,100,50,0.1,0.03436,0.00566320022025479,0.03436,0.00566320022025479,0.00286644951140065,0.00777625799202865,0.0907926167209555,0.0664137344179725
9,20000,100,50,0.1,0.0316,0.0058554004376912,0.0316,0.0058554004376912,0.00285714285714286,0.00766253501609348,0.0880879120879121,0.0665847100774485
10,20000,100,50,0.1,0.03442,0.00587311411329246,0.03442,0.00587311411329246,0.00261723009814613,0.00765799007376758,0.0864340239912759,0.0636519539594108
11,20000,100,50,0.1,0.03444,0.00686654117843198,0.03444,0.00686654117843198,0.00292737430167598,0.008132727220714,0.0943240223463687,0.0678065252738162
12,20000,100,50,0.1,0.03316,0.00430642614269059,0.03316,0.00430642614269059,0.00261437908496732,0.00776744107733968,0.0897821350762527,0.0669620933720156
13,20000,100,50,0.1,0.03302,0.00687939840749026,0.03302,0.00687939840749026,0.00360869565217391,0.00890153673781383,0.0923260869565217,0.0668702003365483
14,20000,100,50,0.1,0.03668,0.00530859910803179,0.03668,0.00530859910803179,0.00296619411123228,0.00808875115302448,0.0867175572519084,0.0641931774059169
15,20000,100,50,0.1,0.03332,0.00604554145040553,0.03332,0.00604554145040553,0.00307692307692308,0.00845518929094266,0.0901098901098901,0.0661414044349375
16,20000,100,50,0.1,0.03472,0.00522958616226671,0.03472,0.00522958616226671,0.00306188925081433,0.00853162099847587,0.0889902280130293,0.0642748929281583
17,20000,100,50,0.1,0.03452,0.00621794637664697,0.03452,0.00621794637664697,0.00246424642464246,0.00733707680516804,0.0871947194719472,0.064968193968987
18,20000,100,50,0.1,0.03494,0.00479119089622628,0.03494,0.00479119089622628,0.00305676855895197,0.00800553415378138,0.0960480349344978,0.0691406571924842
19,20000,100,50,0.1,0.03242,0.00517486073952424,0.03242,0.00517486073952424,0.00242024202420242,0.00747060816031547,0.0882288228822882,0.0659799763114037
20,20000,100,50,0.1,0.03392,0.00524828446217603,0.03392,0.00524828446217603,0.00349344978165939,0.00930485276168307,0.0883187772925764,0.0658812553009838
21,20000,100,50,0.1,0.03502,0.00520396238358771,0.03502,0.00520396238358771,0.00245033112582781,0.00756264919678679,0.0879470198675497,0.063409407749237
22,20000,100,50,0.1,0.0336,0.00617103173327291,0.0336,0.00617103173327291,0.00253583241455347,0.00804015758843938,0.0893495038588754,0.0661518439194845
23,20000,100,50,0.1,0.03564,0.0059204246951911,0.03564,0.0059204246951911,0.00274725274725275,0.00761648580584629,0.0887252747252747,0.0678826506257309
24,20000,100,50,0.1,0.03424,0.00560815732406185,0.03424,0.00560815732406185,0.00308546059933407,0.0084210331600141,0.0953607103218646,0.0685355363551996
25,20000,100,50,0.1,0.03476,0.00447469073153186,0.03476,0.00447469073153186,0.00304824561403509,0.00794643684988444,0.0921491228070175,0.0680074551935893
26,20000,100,50,0.1,0.03262,0.00483984314132732,0.03262,0.00483984314132732,0.00314285714285714,0.00808449796458045,0.0884395604395604,0.0657024677986609
27,20000,100,50,0.1,0.0326,0.00562429133857986,0.0326,0.00562429133857986,0.00336283185840708,0.00848273545685911,0.0927433628318584,0.0669903255785956
28,20000,100,50,0.1,0.03056,0.00520266807532835,0.03056,0.00520266807532835,0.00286659316427784,0.00822871578961277,0.0892171995589857,0.0665297507824037
29,20000,100,50,0.1,0.03494,0.00571217818278078,0.03494,0.00571217818278078,0.00282023681377826,0.00755803548383396,0.0934768568353068,0.0654828695059293
30,20000,100,50,0.1,0.03638,0.00592087279831931,0.03638,0.00592087279831931,0.0028695652173913,0.00789101138933142,0.0881521739130435,0.06363027981135
31,20000,100,50,0.1,0.03552,0.00480747716944073,0.03552,0.00480747716944073,0.00306167400881057,0.00828705944202812,0.0904185022026432,0.0652587164772238
32,20000,100,50,0.1,0.03492,0.00472440472440709,0.03492,0.00472440472440709,0.0029010989010989,0.00846536325438617,0.0889450549450549,0.0641675753460777
33,20000,100,50,0.1,0.03352,0.0053423223567345,0.03352,0.0053423223567345,0.00327832783278328,0.00846283550980259,0.0915951595159516,0.0678994707366975
34,20000,100,50,0.1,0.03262,0.00544692386506703,0.03262,0.00544692386506703,0.00269146608315098,0.00833177014122107,0.0886214442013129,0.0675406090144222
35,20000,100,50,0.1,0.0346,0.00551805940452228,0.0346,0.00551805940452228,0.0026304347826087,0.00778061175541175,0.0866304347826087,0.0630176439343459
36,20000,100,50,0.1,0.03524,0.00546812656796323,0.03524,0.00546812656796323,0.00261437908496732,0.00742284855656179,0.0890196078431373,0.066602530784756
37,20000,100,50,0.1,0.03386,0.0056856783918465,0.03386,0.0056856783918465,0.00298474945533769,0.00831638464333212,0.0905010893246187,0.0656779882832959
38,20000,100,50,0.1,0.03382,0.00565573575574173,0.03382,0.00565573575574173,0.0029295154185022,0.00812033864162501,0.0943832599118943,0.0705417266521282
39,20000,100,50,0.1,0.03342,0.00550357954018128,0.03342,0.00550357954018128,0.00265934065934066,0.00747304622003744,0.0892747252747253,0.0657036159359906
40,20000,100,50,0.1,0.03254,0.00570788927713213,0.03254,0.00570788927713213,0.00260964912280702,0.00759780971729621,0.08875,0.0671464395695823
41,20000,100,50,0.1,0.0339,0.00509201054874903,0.0339,0.00509201054874903,0.00297734627831715,0.00770560679658026,0.0912837108953614,0.0669803199880086
42,20000,100,50,0.1,0.0338,0.00615115718331742,0.0338,0.00615115718331742,0.00296132596685083,0.00787510685479126,0.0894585635359116,0.0639122280471584
43,20000,100,50,0.1,0.0342,0.0058970764115858,0.0342,0.0058970764115858,0.00248351648351648,0.00692464967339778,0.0886153846153846,0.0651414250965028
44,20000,100,50,0.1,0.03312,0.00611335106340948,0.03312,0.00611335106340948,0.00312568306010929,0.0083325668358852,0.0908196721311475,0.0677400524878164
45,20000,100,50,0.1,0.03466,0.00520835278907931,0.03466,0.00520835278907931,0.00279735682819383,0.00743177077288543,0.0902202643171806,0.0668816851567891
46,20000,100,50,0.1,0.03214,0.00496933453435022,0.03214,0.00496933453435022,0.00299003322259136,0.00817809728947124,0.0912513842746401,0.0656072262238111
47,20000,100,50,0.1,0.03356,0.00619466524931093,0.03356,0.00619466524931093,0.00270210409745293,0.00746067784932531,0.0879955703211517,0.0655749937321583
48,20000,100,50,0.1,0.03384,0.00603175271511743,0.03384,0.00603175271511743,0.00326710816777042,0.00876515954813767,0.0921633554083885,0.0656456233968399
49,20000,100,50,0.1,0.0337,0.0053766312190168,0.0337,0.0053766312190168,0.00308026030368764,0.00849423773116693,0.089587852494577,0.0634789746407568
50,20000,100,50,0.1,0.0346,0.00547349830304801,0.0346,0.00547349830304801,0.00269441401971522,0.00756345535588761,0.0879299014238773,0.0651330244213744
51,20000,100,50,0.1,0.03282,0.00447072107593121,0.03282,0.00447072107593121,0.0033587786259542,0.00830997203291561,0.0904907306434024,0.0655667196708491
52,20000,100,50,0.1,0.03452,0.00608189014658289,0.03452,0.00608189014658289,0.0026537216828479,0.00768380563025202,0.0874649406688242,0.0646734830256183
53,20000,100,50,0.1,0.03454,0.00577895548785524,0.03454,0.00577895548785524,0.00275409836065574,0.00778960706721779,0.090207650273224,0.0696054883714723
54,20000,100,50,0.1,0.03184,0.00573339661411051,0.03184,0.00573339661411051,0.00325274725274725,0.00854496088819095,0.0883516483516484,0.0656735222211533
55,20000,100,50,0.1,0.0341,0.00603814405868802,0.0341,0.00603814405868802,0.00286334056399132,0.00777260850037984,0.0894793926247289,0.0670581619013632
56,20000,100,50,0.1,0.03466,0.00553876874257027,0.03466,0.00553876874257027,0.00274465691788526,0.00763047448729804,0.086681664791901,0.0630092845934081
57,20000,100,50,0.1,0.03118,0.00623253478096339,0.03118,0.00623253478096339,0.00260021668472373,0.00698305043984394,0.0903358613217768,0.0660522691450378
58,20000,100,50,0.1,0.03432,0.00533544176010855,0.03432,0.00533544176010855,0.0028039430449069,0.00766785167746676,0.0912595837897043,0.066473278817555
59,20000,100,50,0.1,0.0331,0.00503963879496075,0.0331,0.00503963879496075,0.00281659388646288,0.00773418978013277,0.0919650655021834,0.0670051207740204
60,20000,100,50,0.1,0.03332,0.00563313810393099,0.03332,0.00563313810393099,0.00300326441784548,0.0080108171834306,0.0892709466811752,0.0668511461786491
61,20000,100,50,0.1,0.0361,0.0048497843419337,0.0361,0.0048497843419337,0.00293007769145394,0.00785030748828503,0.0909655937846837,0.0661484856079892
62,20000,100,50,0.1,0.03392,0.00655849659228549,0.03392,0.00655849659228549,0.00252448313384113,0.00721164628839944,0.0863982589771491,0.0675301775293078
63,20000,100,50,0.1,0.03318,0.00497622920923636,0.03318,0.00497622920923636,0.00298440979955457,0.00823307234254263,0.0891982182628062,0.0648643444831417
64,20000,100,50,0.1,0.03314,0.00588325191209968,0.03314,0.00588325191209968,0.00321151716500554,0.00846844934990398,0.0893244739756368,0.0686865040717763
65,20000,100,50,0.1,0.03224,0.00623210908709639,0.03224,0.00623210908709639,0.00282249173098126,0.00850752304197938,0.0883131201764057,0.0645045566598088
66,20000,100,50,0.1,0.0364,0.00481070235442364,0.0364,0.00481070235442364,0.00276169265033408,0.00803774555789619,0.0905567928730512,0.0659914659828676
67,20000,100,50,0.1,0.03126,0.00401939177041522,0.03126,0.00401939177041522,0.00287878787878788,0.00784066850484339,0.0888744588744589,0.0653155474119782
68,20000,100,50,0.1,0.03526,0.0053368568292888,0.03526,0.0053368568292888,0.00311745334796926,0.00833016710858114,0.090032930845225,0.0668465440604769
69,20000,100,50,0.1,0.03418,0.00537070663841532,0.03418,0.00537070663841532,0.00304157549234136,0.00826348810316842,0.0887308533916849,0.0660671750641548
70,20000,100,50,0.1,0.03538,0.00587936550790221,0.03538,0.00587936550790221,0.00311886586695747,0.00863374381927054,0.0883315158124318,0.0658928203707475
71,20000,100,50,0.1,0.03682,0.00438778452766593,0.03682,0.00438778452766593,0.00227322404371585,0.00694395302235435,0.0914535519125683,0.0668644958494702
72,20000,100,50,0.1,0.03146,0.00560688352448514,0.03146,0.00560688352448514,0.00254901960784314,0.00764787296376215,0.087363834422658,0.0672486270493673
73,20000,100,50,0.1,0.03456,0.00562487188062709,0.03456,0.00562487188062709,0.00273212379935966,0.00758187243420707,0.0911205976520811,0.0674483291663681
74,20000,100,50,0.1,0.0349,0.00625724070373594,0.0349,0.00625724070373594,0.00262869660460022,0.00806301444360102,0.0867469879518072,0.0619850589861661
75,20000,100,50,0.1,0.0347,0.00553744212666123,0.0347,0.00553744212666123,0.00303162486368593,0.0079827928263798,0.0894002181025082,0.0654725026447933
76,20000,100,50,0.1,0.03264,0.0054539257532945,0.03264,0.0054539257532945,0.0031858407079646,0.00855085618433139,0.0907743362831858,0.0665180344624717
77,20000,100,50,0.1,0.03508,0.00642012143060187,0.03508,0.00642012143060187,0.00296943231441048,0.00776169268514176,0.0878165938864629,0.0660587020594911
78,20000,100,50,0.1,0.03284,0.00570127089304818,0.03284,0.00570127089304818,0.00292629262926293,0.00778398202838615,0.0892189218921892,0.0644866669494936
79,20000,100,50,0.1,0.0352,0.00639515122445697,0.0352,0.00639515122445697,0.00298901098901099,0.0080612267961288,0.0904175824175824,0.0651885757291108
80,20000,100,50,0.1,0.03194,0.00573001406843734,0.03194,0.00573001406843734,0.00297592997811816,0.00771234415855933,0.0909190371991247,0.0612415182562222
81,20000,100,50,0.1,0.03398,0.00514083293497329,0.03398,0.00514083293497329,0.00315325248070562,0.00836407340696831,0.090077177508269,0.0658271752023073
82,20000,100,50,0.1,0.03332,0.00618899616007215,0.03332,0.00618899616007215,0.00293659621802002,0.00785782531562638,0.0904783092324805,0.0652090550012321
83,20000,100,50,0.1,0.03406,0.00448767018323198,0.03406,0.00448767018323198,0.00278508771929825,0.0080425512983362,0.0942763157894737,0.0660648848507393
84,20000,100,50,0.1,0.03492,0.00513030213535226,0.03492,0.00513030213535226,0.00302173913043478,0.00839707998999793,0.0864347826086957,0.0641229953113564
85,20000,100,50,0.1,0.03444,0.00604121896065788,0.03444,0.00604121896065788,0.00292307692307692,0.00848376534037287,0.0914945054945055,0.0662176917300054
86,20000,100,50,0.1,0.03416,0.00618543384385725,0.03416,0.00618543384385725,0.00268398268398268,0.00804535645589482,0.0888095238095238,0.0669137838596221
87,20000,100,50,0.1,0.03468,0.00566565016893337,0.03468,0.00566565016893337,0.00295154185022026,0.00824713827894697,0.0939647577092511,0.0675849489733116
88,20000,100,50,0.1,0.03384,0.00618873235511646,0.03384,0.00618873235511646,0.00303493449781659,0.0081490810166834,0.0922052401746725,0.0672906217521376
89,20000,100,50,0.1,0.03236,0.00451193428813055,0.03236,0.00451193428813055,0.00297826086956522,0.00798799188672364,0.0908260869565217,0.0655318259398012
90,20000,100,50,0.1,0.0332,0.00537568220635051,0.0332,0.00537568220635051,0.00285398230088496,0.00853867014108183,0.0886283185840708,0.0658591664557831
91,20000,100,50,0.1,0.03606,0.00556009836941317,0.03606,0.00556009836941317,0.00295555555555556,0.00793032942758736,0.0917111111111111,0.0647624639709392
92,20000,100,50,0.1,0.03312,0.00490164487177311,0.03312,0.00490164487177311,0.00304017372421281,0.0082546109362536,0.0866015200868621,0.0653274590867447
93,20000,100,50,0.1,0.03104,0.00532977772634515,0.03104,0.00532977772634515,0.00325274725274725,0.00849330728114273,0.0888791208791209,0.0686908597780526
94,20000,100,50,0.1,0.03606,0.00556009836941317,0.03606,0.00556009836941317,0.00252469813391877,0.00739714782367233,0.0897914379802415,0.0648706267298655
95,20000,100,50,0.1,0.03608,0.00579176050919911,0.03608,0.00579176050919911,0.00336633663366337,0.00863471950605386,0.095005500550055,0.065282552368297
96,20000,100,50,0.1,0.03632,0.00632274804631205,0.03632,0.00632274804631205,0.00278918918918919,0.00797750434914176,0.084172972972973,0.0626704802565697
97,20000,100,50,0.1,0.0345,0.00499489535344202,0.0345,0.00499489535344202,0.00265217391304348,0.00785676282867186,0.0875217391304348,0.0656427960706356
98,20000,100,50,0.1,0.0323,0.00582832632537867,0.0323,0.00582832632537867,0.00249448123620309,0.00766440235323304,0.0909271523178808,0.0673493505450726
99,20000,100,50,0.1,0.03404,0.00582380757699613,0.03404,0.00582380757699613,0.0026608505997819,0.00775635565117282,0.0899672846237732,0.0687608587576876
100,20000,100,50,0.1,0.03314,0.00563882315120915,0.03314,0.00563882315120915,0.00252469813391877,0.00763113880372673,0.089549945115258,0.0661177394484809
1,1e+05,100,50,0.1,0.0342,0.00527605294646268,0.0342,0.00527605294646268,0.00302690582959641,0.00805615492441687,0.0883183856502242,0.0653702017398251
2,1e+05,100,50,0.1,0.0354,0.00533375848645556,0.0354,0.00533375848645556,0.00309031556039173,0.00850627756197241,0.0910772578890098,0.0670871828529714
3,1e+05,100,50,0.1,0.03244,0.00622752284751542,0.03244,0.00622752284751542,0.00291390728476821,0.0078316036875257,0.0892494481236203,0.0658047473872563
4,1e+05,100,50,0.1,0.03488,0.00641312429828911,0.03488,0.00641312429828911,0.00323561346362649,0.00831171723208143,0.0921824104234528,0.0664480293410872
5,1e+05,100,50,0.1,0.03252,0.00566132601471581,0.03252,0.00566132601471581,0.00302173913043478,0.00850011618799111,0.089304347826087,0.0668159310543864
6,1e+05,100,50,0.1,0.03344,0.00546663348256064,0.03344,0.00546663348256064,0.00295805739514349,0.00809285928894945,0.0911920529801325,0.0658921987751739
7,1e+05,100,50,0.1,0.03382,0.0057700493401491,0.03382,0.0057700493401491,0.00269613259668508,0.00785807715790363,0.0901878453038674,0.0664596829203228
8,1e+05,100,50,0.1,0.03374,0.00510226040343785,0.03374,0.00510226040343785,0.00250274423710209,0.00725468724111395,0.0881229418221734,0.0669187651741653
9,1e+05,100,50,0.1,0.03458,0.00660268961894179,0.03458,0.00660268961894179,0.00312087912087912,0.00817417000874748,0.0933846153846154,0.0681919198796354
10,1e+05,100,50,0.1,0.03708,0.00573154536271833,0.03708,0.00573154536271833,0.00280353200883002,0.00778715677995177,0.0890728476821192,0.0646710434322973
11,1e+05,100,50,0.1,0.03358,0.00539497120341845,0.03358,0.00539497120341845,0.0023841059602649,0.00681648401176755,0.0920971302428256,0.0671718785915903
12,1e+05,100,50,0.1,0.03452,0.00661241874299057,0.03452,0.00661241874299057,0.00242686890574215,0.00722761437819785,0.0885373781148429,0.0665864748571298
13,1e+05,100,50,0.1,0.03716,0.00597053992020617,0.03716,0.00597053992020617,0.00264608599779493,0.0079213430086715,0.0914663726571114,0.0668029764670945
14,1e+05,100,50,0.1,0.03122,0.00471770438814023,0.03122,0.00471770438814023,0.00295728368017525,0.00808502881003712,0.088236582694414,0.0666858050775091
15,1e+05,100,50,0.1,0.0323,0.00521085993138271,0.0323,0.00521085993138271,0.00253863134657837,0.00735531888600169,0.0862472406181015,0.0661175967091012
16,1e+05,100,50,0.1,0.03348,0.00440889638650522,0.03348,0.00440889638650522,0.0033003300330033,0.00810850222057084,0.0903850385038504,0.0645789926812961
17,1e+05,100,50,0.1,0.03612,0.00537811134438969,0.03612,0.00537811134438969,0.00341935483870968,0.009182191990194,0.0912688172043011,0.0665067378094654
18,1e+05,100,50,0.1,0.0349,0.00661244960630464,0.0349,0.00661244960630464,0.00303769401330377,0.0088442384164545,0.0907760532150776,0.0670419614715002
19,1e+05,100,50,0.1,0.03172,0.00532625380467705,0.03172,0.00532625380467705,0.00259055982436883,0.00780858071375172,0.0894182217343578,0.0656161972224328
20,1e+05,100,50,0.1,0.03332,0.00676557914922956,0.03332,0.00676557914922956,0.00321389793702497,0.00850107807142884,0.089771986970684,0.0663066994226848
21,1e+05,100,50,0.1,0.035,0.00663017222049845,0.035,0.00663017222049845,0.00322791712104689,0.00866941150056042,0.0919302071973828,0.0661040229376232
22,1e+05,100,50,0.1,0.03464,0.00543142781994434,0.03464,0.00543142781994434,0.00292896174863388,0.00827259736012701,0.0898579234972678,0.0652639945341558
23,1e+05,100,50,0.1,0.03306,0.00535060553506206,0.03306,0.00535060553506206,0.003215859030837,0.00892265501236217,0.0894493392070485,0.0658162611449131
24,1e+05,100,50,0.1,0.0326,0.00654653670707977,0.0326,0.00654653670707977,0.00342105263157895,0.00877367055734477,0.090219298245614,0.0686002126608513
25,1e+05,100,50,0.1,0.03726,0.0058302868624073,0.03726,0.0058302868624073,0.00315443592552026,0.00819948814556337,0.0891785323110624,0.0653690929305496
26,1e+05,100,50,0.1,0.03658,0.00531877690405436,0.03658,0.00531877690405436,0.00343169398907104,0.00887701534268246,0.0887213114754098,0.0671032707367797
27,1e+05,100,50,0.1,0.03238,0.00566366867473221,0.03238,0.00566366867473221,0.00298245614035088,0.0085814825850211,0.0840350877192982,0.0645269102654128
28,1e+05,100,50,0.1,0.03408,0.00537887022505276,0.03408,0.00537887022505276,0.00342733188720174,0.00830797212971911,0.0909110629067245,0.0664227462834973
29,1e+05,100,50,0.1,0.03818,0.00639735276883959,0.03818,0.00639735276883959,0.00309549945115258,0.00836467530210319,0.0897475301866081,0.0642372143343077
30,1e+05,100,50,0.1,0.03602,0.00683176852831606,0.03602,0.00683176852831606,0.00268131868131868,0.00766871707533267,0.0924175824175824,0.0677736584332526
31,1e+05,100,50,0.1,0.03312,0.00514142837296074,0.03312,0.00514142837296074,0.00301845819761129,0.00812996913001791,0.088599348534202,0.0643486863452374
32,1e+05,100,50,0.1,0.03476,0.00576958952312087,0.03476,0.00576958952312087,0.00301675977653631,0.00826401247826296,0.0870837988826816,0.0650063558679128
33,1e+05,100,50,0.1,0.03614,0.00616775684425026,0.03614,0.00616775684425026,0.00295404814004376,0.0083478634201954,0.0912472647702407,0.066569665706621
34,1e+05,100,50,0.1,0.03204,0.00592800341513025,0.03204,0.00592800341513025,0.00279475982532751,0.00804668175490105,0.0903056768558952,0.0668569503846281
35,1e+05,100,50,0.1,0.0346,0.00627271382860004,0.0346,0.00627271382860004,0.00246724890829694,0.00756928055768365,0.0867467248908297,0.0645277526617724
36,1e+05,100,50,0.1,0.0348,0.00607436903584837,0.0348,0.00607436903584837,0.00367892976588629,0.00917704894967599,0.0906354515050167,0.066161816248408
37,1e+05,100,50,0.1,0.03192,0.00568506816142076,0.03192,0.00568506816142076,0.00289823008849558,0.00847160831678525,0.0903761061946903,0.0675129463315224
38,1e+05,100,50,0.1,0.0364,0.00560611910581388,0.0364,0.00560611910581388,0.0026,0.00742152118104583,0.0897777777777778,0.0662515813445335
39,1e+05,100,50,0.1,0.03512,0.00598174092466365,0.03512,0.00598174092466365,0.00269441401971522,0.00784804573335207,0.087579408543264,0.0677031583140877
40,1e+05,100,50,0.1,0.03454,0.00490817726672872,0.03454,0.00490817726672872,0.00274553571428571,0.00762574162656641,0.0873883928571429,0.0654770959936417
41,1e+05,100,50,0.1,0.03278,0.0059668813855638,0.03278,0.0059668813855638,0.00338495575221239,0.00855197356317725,0.0920132743362832,0.0675364291239388
42,1e+05,100,50,0.1,0.03402,0.00531263415196765,0.03402,0.00531263415196765,0.00285398230088496,0.00811303898800868,0.0896902654867257,0.0651968080591627
43,1e+05,100,50,0.1,0.0343,0.00482446994021951,0.0343,0.00482446994021951,0.00252448313384113,0.00733149108837783,0.0903373231773667,0.0665406933154509
44,1e+05,100,50,0.1,0.0334,0.00566766697853639,0.0334,0.00566766697853639,0.00307522123893805,0.00830288245694568,0.087787610619469,0.0671090682736796
45,1e+05,100,50,0.1,0.0353,0.00541068481840161,0.0353,0.00541068481840161,0.00319125683060109,0.0087439588432441,0.0918907103825137,0.0672842127515797
46,1e+05,100,50,0.1,0.03342,0.00603760325470501,0.03342,0.00603760325470501,0.0031390134529148,0.00858121315593854,0.0904260089686099,0.0676512987524006
47,1e+05,100,50,0.1,0.03382,0.00556112600549381,0.03382,0.00556112600549381,0.00273029966703663,0.00760726719942406,0.0889012208657048,0.0629868787804875
48,1e+05,100,50,0.1,0.03748,0.00486654552081068,0.03748,0.00486654552081068,0.00298342541436464,0.00817025358010946,0.088353591160221,0.06327394131194
49,1e+05,100,50,0.1,0.0361,0.00613870291424726,0.0361,0.00613870291424726,0.00327904451682953,0.00890147066251554,0.0884473398479913,0.0646014511882921
50,1e+05,100,50,0.1,0.03544,0.00588030264388437,0.03544,0.00588030264388437,0.0029198682766191,0.00799952954552097,0.0894840834248079,0.0663164037454151
51,1e+05,100,50,0.1,0.03296,0.00573553193092081,0.03296,0.00573553193092081,0.00285393258426966,0.00812936816807419,0.0886966292134831,0.0626835939222156
52,1e+05,100,50,0.1,0.03464,0.00564876724857481,0.03464,0.00564876724857481,0.0028385698808234,0.00864853296602791,0.0876273022751896,0.0664362740996978
53,1e+05,100,50,0.1,0.0318,0.004602572483882,0.0318,0.004602572483882,0.00287317620650954,0.00825470032335923,0.0879236812570146,0.0661803698986056
54,1e+05,100,50,0.1,0.03314,0.00591783882228391,0.03314,0.00591783882228391,0.00314977973568282,0.00851690257660556,0.0874669603524229,0.064667532472878
55,1e+05,100,50,0.1,0.03472,0.00651541343622168,0.03472,0.00651541343622168,0.0027765726681128,0.00813111702214584,0.0908026030368764,0.0670553766140172
56,1e+05,100,50,0.1,0.0345,0.00629949787438553,0.0345,0.00629949787438553,0.00291347207009858,0.00793685083638685,0.0907557502738226,0.0672027122298113
57,1e+05,100,50,0.1,0.03366,0.00548694182694193,0.03366,0.00548694182694193,0.00334070796460177,0.00862091137281956,0.0918805309734513,0.0676909390592678
58,1e+05,100,50,0.1,0.03274,0.00548024280707432,0.03274,0.00548024280707432,0.002882096069869,0.0084408107226933,0.0888646288209607,0.0658663924518124
59,1e+05,100,50,0.1,0.03356,0.00503116816069832,0.03356,0.00503116816069832,0.00299667036625971,0.00829383907964211,0.0881908990011099,0.0663521846359913
60,1e+05,100,50,0.1,0.03576,0.00584688998091974,0.03576,0.00584688998091974,0.00287912087912088,0.00785293196713315,0.0945054945054945,0.0661275850574537
61,1e+05,100,50,0.1,0.03274,0.00601294521878269,0.03274,0.00601294521878269,0.00339539978094195,0.00890213979051488,0.0908433734939759,0.0678964204222205
62,1e+05,100,50,0.1,0.036,0.00537188447913233,0.036,0.00537188447913233,0.00264232008592911,0.0074415205831811,0.0906552094522019,0.0671116893030715
63,1e+05,100,50,0.1,0.03576,0.00514904389777602,0.03576,0.00514904389777602,0.0027114967462039,0.00790972807317855,0.0904338394793926,0.0647187724320548
64,1e+05,100,50,0.1,0.0322,0.00514285714285714,0.0322,0.00514285714285714,0.00295884315906563,0.00863317507065278,0.0847163515016685,0.063245576705926
65,1e+05,100,50,0.1,0.0356,0.00594532915619566,0.0356,0.00594532915619566,0.00326754385964912,0.00855425759780858,0.0907456140350877,0.0659532231407396
66,1e+05,100,50,0.1,0.0323,0.00549675228787743,0.0323,0.00549675228787743,0.00285714285714286,0.00848031620901437,0.0854505494505494,0.0649495469311562
67,1e+05,100,50,0.1,0.03472,0.00611134775876577,0.03472,0.00611134775876577,0.00280662983425414,0.00801486176387469,0.0928618784530387,0.0681413137875812
68,1e+05,100,50,0.1,0.03378,0.00519139790855006,0.03378,0.00519139790855006,0.00295331161780673,0.00823348098497608,0.0858631921824104,0.0641155441559033
69,1e+05,100,50,0.1,0.03194,0.00618229862806146,0.03194,0.00618229862806146,0.00291304347826087,0.00803914819343557,0.0884130434782609,0.0647022395896754
70,1e+05,100,50,0.1,0.03378,0.00533486797648551,0.03378,0.00533486797648551,0.00286966046002191,0.00795281380158346,0.088368017524644,0.0643597716284782
71,1e+05,100,50,0.1,0.03502,0.00619575233032886,0.03502,0.00619575233032886,0.00264770240700219,0.00807905627202214,0.0874835886214442,0.065203466651244
72,1e+05,100,50,0.1,0.0349,0.00620483682299543,0.0349,0.00620483682299543,0.0028169014084507,0.00816558942710228,0.0896858071505959,0.0644028879662079
73,1e+05,100,50,0.1,0.03186,0.00504676093334798,0.03186,0.00504676093334798,0.00278867102396514,0.00803895926484123,0.08880174291939,0.0649677540786447
74,1e+05,100,50,0.1,0.0338,0.00601698276818648,0.0338,0.00601698276818648,0.00307354555433589,0.00839898426929647,0.0885839736553238,0.0661639100690194
75,1e+05,100,50,0.1,0.0338,0.00567486401886892,0.0338,0.00567486401886892,0.00305986696230599,0.00829229930292131,0.0898669623059867,0.0649748865980652
76,1e+05,100,50,0.1,0.03362,0.00547681569929842,0.03362,0.00547681569929842,0.00254665203073546,0.00723937397031546,0.08801317233809,0.0652527111300007
77,1e+05,100,50,0.1,0.0359,0.00670135533047652,0.0359,0.00670135533047652,0.00274122807017544,0.00743408132322111,0.0887938596491228,0.0666088838595611
78,1e+05,100,50,0.1,0.0341,0.00533853912601566,0.0341,0.00533853912601566,0.00280662983425414,0.00750156032596612,0.0926850828729282,0.0638095136800362
79,1e+05,100,50,0.1,0.0324,0.00611121418177355,0.0324,0.00611121418177355,0.00234649122807018,0.00677200513413093,0.0895175438596491,0.0646988100785043
80,1e+05,100,50,0.1,0.03414,0.00527609162706097,0.03414,0.00527609162706097,0.002560706401766,0.00761353557293421,0.0893818984547461,0.0645721478635085
81,1e+05,100,50,0.1,0.03242,0.00581023024588562,0.03242,0.00581023024588562,0.00339246119733925,0.00906378119566363,0.092039911308204,0.0701611160195019
82,1e+05,100,50,0.1,0.03682,0.00614016552326248,0.03682,0.00614016552326248,0.00319553072625698,0.00857006797023426,0.0906815642458101,0.0666377250865396
83,1e+05,100,50,0.1,0.03312,0.00473648453119882,0.03312,0.00473648453119882,0.00236203090507726,0.00723292455641719,0.0894039735099338,0.0666671301192531
84,1e+05,100,50,0.1,0.03414,0.00644920498185313,0.03414,0.00644920498185313,0.00320879120879121,0.00835346279523826,0.0925494505494505,0.065004741087356
85,1e+05,100,50,0.1,0.03288,0.00498831287171549,0.03288,0.00498831287171549,0.00299453551912568,0.0084844414614063,0.0884808743169399,0.0657542372048712
86,1e+05,100,50,0.1,0.03266,0.00500452856145801,0.03266,0.00500452856145801,0.00231532524807056,0.00742421735189216,0.0861080485115766,0.06383063796907
87,1e+05,100,50,0.1,0.03658,0.00548872685137269,0.03658,0.00548872685137269,0.00271844660194175,0.00801924753712407,0.0875728155339806,0.0647510503842641
88,1e+05,100,50,0.1,0.03416,0.00506834916568562,0.03416,0.00506834916568562,0.00294372294372294,0.00795389433519336,0.0920779220779221,0.0661428441208643
89,1e+05,100,50,0.1,0.0329,0.00550417281408814,0.0329,0.00550417281408814,0.00233624454148472,0.00725796616660985,0.0867248908296943,0.065153661770192
90,1e+05,100,50,0.1,0.03422,0.00719492451492788,0.03422,0.00719492451492788,0.00290465631929047,0.00853209651014597,0.0890909090909091,0.065343407255504
91,1e+05,100,50,0.1,0.034,0.00654029893843406,0.034,0.00654029893843406,0.00304678998911861,0.00815622168058876,0.0893362350380849,0.0672482402793412
92,1e+05,100,50,0.1,0.03316,0.00585665503195,0.03316,0.00585665503195,0.00315560391730141,0.00860971411648298,0.0878128400435256,0.0650615914701361
93,1e+05,100,50,0.1,0.03364,0.00477988984588301,0.03364,0.00477988984588301,0.00338090010976948,0.00879478039895455,0.0902963776070252,0.0652284234718431
94,1e+05,100,50,0.1,0.03626,0.00591024706828431,0.03626,0.00591024706828431,0.0033589462129528,0.00862666608137358,0.0948847420417124,0.0685402175826685
95,1e+05,100,50,0.1,0.03252,0.00468710780672226,0.03252,0.00468710780672226,0.00261251372118551,0.00760149040790783,0.0893304061470911,0.06431628190751
96,1e+05,100,50,0.1,0.0332,0.00489064079103534,0.0332,0.00489064079103534,0.00270509977827051,0.00792581842554973,0.0900443458980044,0.0635518981481177
97,1e+05,100,50,0.1,0.03192,0.00589306060254823,0.03192,0.00589306060254823,0.00290988056460369,0.00803535124681135,0.0889250814332248,0.0659894246354383
98,1e+05,100,50,0.1,0.03154,0.00552622689305003,0.03154,0.00552622689305003,0.00357221609702315,0.00946855023423541,0.0919073869900772,0.0700189206572617
99,1e+05,100,50,0.1,0.03688,0.00624545549065193,0.03688,0.00624545549065193,0.00327832783278328,0.00841061992942572,0.091947194719472,0.0674867703248855
100,1e+05,100,50,0.1,0.03508,0.00463280229913355,0.03508,0.00463280229913355,0.00302375809935205,0.0080762231821841,0.0884233261339093,0.0663284053630566
